[{
    "name": "Sowmya",
    "email":"sowmya.l@gmail.com",
    "feed":"User should access data",
    "createdOn":"22/04/2020 12:30"
  },
  {
    "name": "Sravya",
    "email":"sravya.k@gmail.com",
    "feed":"User should access data",
    "createdOn":"22/04/2020 12:35"
  },
  {
    "name": "hitesh",
    "email":"hitesh.j@gmail.com",
    "feed":"User should access data",
    "createdOn":"22/04/2020 12:40"
  },
  {
    "name": "ramya",
    "email":"ramyaa.j@gmail.com",
    "feed":"User should access data",
    "createdOn":"22/04/2020 1:40"
  },
  {
    "name": "vani",
    "email":"vani.j@gmail.com",
    "feed":"User should access data",
    "createdOn":"22/04/2020 2:40"
  },
  {
    "name": "sunita",
    "email":"sunita.j@gmail.com",
    "feed":"User should access data",
    "createdOn":"22/04/2020 2:40"
  }
  
]